title,text
Artificial Intelligence,"Artificial Intelligence (AI) is the simulation of human intelligence in machines that are programmed to think like humans and mimic their actions. AI can be categorized into two types: narrow AI, which is designed for a particular task, and general AI, which aims to perform any intellectual task that a human being can. The field of AI includes various subfields such as machine learning, natural language processing, and robotics. As AI continues to advance, it has applications in areas like healthcare, finance, education, and more. Ethical considerations surrounding AI development and use are also becoming increasingly important in the modern era."
Quantum Mechanics,"Quantum Mechanics is a fundamental theory in physics that describes the behavior of matter and energy at the smallest scales, typically atomic and subatomic levels. It introduces the concept of quantum states, superposition, and entanglement, challenging classical notions of determinism. Key principles include Heisenberg's uncertainty principle and Schr√∂dinger's wave function. Quantum mechanics has revolutionized our understanding of the microscopic world and plays a crucial role in technologies such as quantum computing and quantum cryptography."
Space Exploration,"Space Exploration is the investigation and exploration of outer space through the use of space technology, astronomy, and space travel. Human spaceflight, robotic exploration, and telescopic observations contribute to our understanding of the cosmos. Historic milestones include the Moon landing, Mars rover missions, and space telescopes like the Hubble. Ongoing efforts aim to explore Mars, study exoplanets, and understand the origins of the universe. Space exploration sparks scientific curiosity and inspires technological advancements on Earth."
Climate Change,"Climate Change refers to long-term changes in the average weather patterns that have been observed over an extended period, often decades or longer. It is driven by natural processes and human activities, with consequences such as rising temperatures, sea-level changes, and extreme weather events. Mitigating climate change involves reducing greenhouse gas emissions, transitioning to renewable energy, and adopting sustainable practices. International agreements like the Paris Agreement aim to address this global challenge and promote environmental stewardship."
Genetic Engineering,"Genetic Engineering is the manipulation of an organism's genes using biotechnology to achieve desirable traits or characteristics. This technology allows scientists to modify DNA and create organisms with specific traits, such as disease resistance or improved nutritional content. Genetic engineering has applications in agriculture, medicine, and industry. While it holds promise for advancements, ethical considerations regarding genetic modification of humans and environmental impacts are subjects of ongoing debate."
Renaissance,"The Renaissance was a period in European history marked by a renewed interest in the arts, sciences, and learning, spanning roughly the 14th to the 17th century. It witnessed the revival of classical knowledge, artistic achievements, and cultural exploration. Prominent figures of the Renaissance include Leonardo da Vinci, Michelangelo, and Galileo. The era had a profound impact on literature, philosophy, and the development of modern societies. The Renaissance is often considered a bridge between the Middle Ages and the modern era."
Neuroscience,"Neuroscience is the scientific study of the nervous system, including the brain, spinal cord, and peripheral nerves. It explores the structure and function of neurons, neural circuits, and the brain's role in behavior and cognition. Advancements in imaging technologies, such as fMRI and EEG, have enhanced our understanding of brain function. Neuroscience has applications in medicine, psychology, and artificial intelligence. Ongoing research aims to unravel the complexities of neurological disorders and enhance brain-related therapies."
Renewable Energy,"Renewable Energy is energy derived from natural resources that are replenished on a human timescale, such as sunlight, wind, rain, tides, waves, and geothermal heat. Unlike fossil fuels, renewable energy sources are sustainable and have lower environmental impacts. Solar and wind power are widely used, and innovations in energy storage technologies contribute to grid reliability. The transition to renewable energy is a key strategy in addressing climate change and promoting a more sustainable energy future."
World War II,"World War II was a global war that lasted from 1939 to 1945, involving most of the world's nations. It was the deadliest conflict in human history, with widespread destruction and loss of life. Major events include the Holocaust, D-Day, and the atomic bombings of Hiroshima and Nagasaki. The war led to geopolitical changes, the formation of the United Nations, and the beginning of the Cold War. Lessons from World War II continue to shape international relations and efforts to prevent future conflicts."
Sustainable Development,"Sustainable Development is a concept that promotes the responsible use of resources to meet the needs of the present without compromising the ability of future generations to meet their own needs. It involves balancing economic, social, and environmental considerations to create a harmonious and equitable society. Sustainable development goals address issues such as poverty, inequality, and environmental degradation. Implementing sustainable practices in areas like agriculture, energy, and urban planning is crucial for building a resilient and inclusive global community."
